Workbook

Sheet THE FILE
B7: THE FILE
O10: {=IF(SUMPRODUCT(--(LEN(TRIM(TASKS!D7:D27))>0))=0,"NO TASKS",IF(SUMPRODUCT(--(LEN(TRIM(TASKS!D7:D27))>0))=1,"1 TASK",SUMPRODUCT(--(LEN(TRIM(TASKS!D7:D27))>0))&" TASKS"))} -> NO TASKS
B11: Everything in one place
B13: =TODAY() -> 46191
F19: TASKS DONE | H19: BOOKS READ | J19: PROJECTS PROGRESS | L19: FINISHED PROJECTS
F20: {=IF(SUMPRODUCT(--(LEN(TRIM(TASKS!D7:D27))>0))=0,"NO TASKS",COUNTIF(TASKS!H7:H27,"Done"))} -> NO TASKS | H20: =BOOKS!N3 -> 0 | J20: =PROJECTS!M3 -> NO CURRENT PROGRESS | L20: {=IF(SUMPRODUCT(--(LEN(TRIM(PROJECTS!D7:D12))>0))=0,"NO PROJECTS",COUNTIF(PROJECTS!I7:I13,100%))} -> NO PROJECTS
O22: =PROJECTS!J3 -> NO CURRENT PROJECTS
F24: {=IF(SUMPRODUCT(--(LEN(TRIM(TASKS!D7:D27))>0))=0,"","OF "&SUMPRODUCT(--(LEN(TRIM(TASKS!D7:D27))>0))&IF(SUMPRODUCT(--(LEN(TRIM(TASKS!D7:D27))>0))=1," TASK"," TASKS"))} | H24: =IF(OR(BOOKS!N12="",BOOKS!N12=0),"",IF(BOOKS!N3>=BOOKS!N12,"GOAL COMPLETED","GOAL: "&BOOKS!N12&IF(BOOKS!N12=1," BOOK"," BOOKS"))) | J24: {=IF(SUMPRODUCT(--(LEN(TRIM(PROJECTS!D7:D13))>0))=0,"",IF(COUNT(PROJECTS!I7:I13)=0,"ADD PROGRESS %",IF(AVERAGE(PROJECTS!I7:I13)=100%,"COMPLETED",IF(SUMPRODUCT(--(LEN(TRIM(PROJECTS!D7:D13))>0))=1,"ACROSS THE PROJECT","ACROSS ALL PROJECTS"))))} | L24: {=IF(SUMPRODUCT(--(LEN(TRIM(PROJECTS!D7:D13))>0))=0,"",IF(COUNTIF(PROJECTS!I7:I13,100%)=SUMPRODUCT(--(LEN(TRIM(PROJECTS!D7:D12))>0)),"ALL PROJECTS COMPLETED","OF "&SUMPRODUCT(--(LEN(TRIM(PROJECTS!D7:D13))>0))&IF(SUMPRODUCT(--(LEN(TRIM(PROJECTS!D7:D13))>0))=1," PROJECT"," PROJECTS")))}
F26: {=IF(SUMPRODUCT(--(LEN(TRIM(TASKS!D7:D27))>0))=0,0,COUNTIF(TASKS!H7:H27,"Done")/SUMPRODUCT(--(LEN(TRIM(TASKS!D7:D27))>0)))} -> 0 | H26: =IF(OR(BOOKS!N12="",BOOKS!N12<1),0,MIN(BOOKS!N3/BOOKS!N12,1)) -> 0 | J26: =IF(ISNUMBER(J20),J20,"") | L26: {=IF(SUMPRODUCT(--(LEN(TRIM(PROJECTS!D7:D12))>0))=0,0,COUNTIF(PROJECTS!I7:I12,100%)/SUMPRODUCT(--(LEN(TRIM(PROJECTS!D7:D12))>0)))} -> 0

Sheet TASKS
D2: MY TASKS | J2: Completed | M2: Pending
J3: {=IF(SUMPRODUCT(--(LEN(TRIM(D7:D27))>0))=0,"NO TASKS",COUNTIF(H7:H27,"Done"))} -> NO TASKS | M3: =COUNTIF(H7:H27,"Pending") -> 0
D4: WEEKLY TASKS
D6: Task | E6: Category | F6: Priority | G6: Due day | H6: Status | J6: WEEKLY PROGRESS | N6: =IF(COUNTA(D7:D27)=0,0,COUNTIF(H7:H27,"Done")/COUNTA(D7:D27)) -> 0
J8: =N6 -> 0
J11: TASKS BY CATEGORY
K14: {=IF(SUMPRODUCT(--(LEN(TRIM(D7:D27))>0))=0,"NO TASKS",IF(SUMPRODUCT(--(LEN(TRIM(D7:D27))>0))=1,"1 TASK",SUMPRODUCT(--(LEN(TRIM(D7:D27))>0))&" TASKS"))} -> NO TASKS

Sheet BOOKS
D2: MY BOOKS | N2: BOOKS READ | S2: PAGES READ
N3: =COUNTIF(G:G, "Finished") -> 0 | S3: =SUM(J:J) -> 0
D5: Title | E5: Author | F5: Genre | G5: Status | H5: Rating | I5: Total pages | J5: Current page | K5: Target days | L5: Pages / day
G6: =IF(COUNTA(D6:F6,I6:K6)=0,"",IF(AND(I6>0,J6>=I6),"Finished","Reading")) | L6: =IF(COUNTA(D6:F6,I6:K6)=0,"",IF(AND(I6>0,J6>=I6),"Book completed",IF(K6=0,"Set Target Days",ROUNDUP(I6/K6,0))))
G7: =IF(COUNTA(D7:F7,I7:K7)=0,"",IF(AND(I7>0,J7>=I7),"Finished","Reading")) | L7: =IF(COUNTA(D7:F7,I7:K7)=0,"",IF(AND(I7>0,J7>=I7),"Book completed",IF(K7=0,"Set Target Days",ROUNDUP(I7/K7,0)))) | N7: REMAINING PAGES | S7: TOP GENRE
G8: =IF(COUNTA(D8:F8,I8:K8)=0,"",IF(AND(I8>0,J8>=I8),"Finished","Reading")) | L8: =IF(COUNTA(D8:F8,I8:K8)=0,"",IF(AND(I8>0,J8>=I8),"Book completed",IF(K8=0,"Set Target Days",ROUNDUP(I8/K8,0)))) | N8: =SUM(I:I)-SUM(J:J) -> 0 | S8: =IF(MAX(CONFIG!H7:H27)=0,"-",INDEX(CONFIG!G7:G27,MATCH(MAX(CONFIG!H7:H27),CONFIG!H7:H27,0))) -> -
G9: =IF(COUNTA(D9:F9,I9:K9)=0,"",IF(AND(I9>0,J9>=I9),"Finished","Reading")) | L9: =IF(COUNTA(D9:F9,I9:K9)=0,"",IF(AND(I9>0,J9>=I9),"Book completed",IF(K9=0,"Set Target Days",ROUNDUP(I9/K9,0))))
G10: =IF(COUNTA(D10:F10,I10:K10)=0,"",IF(AND(I10>0,J10>=I10),"Finished","Reading")) | L10: =IF(COUNTA(D10:F10,I10:K10)=0,"",IF(AND(I10>0,J10>=I10),"Book completed",IF(K10=0,"Set Target Days",ROUNDUP(I10/K10,0))))
G11: =IF(COUNTA(D11:F11,I11:K11)=0,"",IF(AND(I11>0,J11>=I11),"Finished","Reading")) | L11: =IF(COUNTA(D11:F11,I11:K11)=0,"",IF(AND(I11>0,J11>=I11),"Book completed",IF(K11=0,"Set Target Days",ROUNDUP(I11/K11,0)))) | N11: READING GOAL (BOOKS): | O11: PROGRESS BAR | T11: % COMPLETED
G12: =IF(COUNTA(D12:F12,I12:K12)=0,"",IF(AND(I12>0,J12>=I12),"Finished","Reading")) | L12: =IF(COUNTA(D12:F12,I12:K12)=0,"",IF(AND(I12>0,J12>=I12),"Book completed",IF(K12=0,"Set Target Days",ROUNDUP(I12/K12,0)))) | O12: =IF(N12=0,0,MIN(1,N3/N12)) -> 0 | T12: =IF(N12=0,0, MIN(1,N3/N12)) -> 0
G13: =IF(COUNTA(D13:F13,I13:K13)=0,"",IF(AND(I13>0,J13>=I13),"Finished","Reading")) | L13: =IF(COUNTA(D13:F13,I13:K13)=0,"",IF(AND(I13>0,J13>=I13),"Book completed",IF(K13=0,"Set Target Days",ROUNDUP(I13/K13,0))))
G14: =IF(COUNTA(D14:F14,I14:K14)=0,"",IF(AND(I14>0,J14>=I14),"Finished","Reading")) | L14: =IF(COUNTA(D14:F14,I14:K14)=0,"",IF(AND(I14>0,J14>=I14),"Book completed",IF(K14=0,"Set Target Days",ROUNDUP(I14/K14,0))))
G15: =IF(COUNTA(D15:F15,I15:K15)=0,"",IF(AND(I15>0,J15>=I15),"Finished","Reading")) | L15: =IF(COUNTA(D15:F15,I15:K15)=0,"",IF(AND(I15>0,J15>=I15),"Book completed",IF(K15=0,"Set Target Days",ROUNDUP(I15/K15,0))))
G16: =IF(COUNTA(D16:F16,I16:K16)=0,"",IF(AND(I16>0,J16>=I16),"Finished","Reading")) | L16: =IF(COUNTA(D16:F16,I16:K16)=0,"",IF(AND(I16>0,J16>=I16),"Book completed",IF(K16=0,"Set Target Days",ROUNDUP(I16/K16,0))))
G17: =IF(COUNTA(D17:F17,I17:K17)=0,"",IF(AND(I17>0,J17>=I17),"Finished","Reading")) | L17: =IF(COUNTA(D17:F17,I17:K17)=0,"",IF(AND(I17>0,J17>=I17),"Book completed",IF(K17=0,"Set Target Days",ROUNDUP(I17/K17,0))))
G18: =IF(COUNTA(D18:F18,I18:K18)=0,"",IF(AND(I18>0,J18>=I18),"Finished","Reading")) | L18: =IF(COUNTA(D18:F18,I18:K18)=0,"",IF(AND(I18>0,J18>=I18),"Book completed",IF(K18=0,"Set Target Days",ROUNDUP(I18/K18,0))))
G19: =IF(COUNTA(D19:F19,I19:K19)=0,"",IF(AND(I19>0,J19>=I19),"Finished","Reading")) | L19: =IF(COUNTA(D19:F19,I19:K19)=0,"",IF(AND(I19>0,J19>=I19),"Book completed",IF(K19=0,"Set Target Days",ROUNDUP(I19/K19,0))))
G20: =IF(COUNTA(D20:F20,I20:K20)=0,"",IF(AND(I20>0,J20>=I20),"Finished","Reading")) | L20: =IF(COUNTA(D20:F20,I20:K20)=0,"",IF(AND(I20>0,J20>=I20),"Book completed",IF(K20=0,"Set Target Days",ROUNDUP(I20/K20,0))))
G21: =IF(COUNTA(D21:F21,I21:K21)=0,"",IF(AND(I21>0,J21>=I21),"Finished","Reading")) | L21: =IF(COUNTA(D21:F21,I21:K21)=0,"",IF(AND(I21>0,J21>=I21),"Book completed",IF(K21=0,"Set Target Days",ROUNDUP(I21/K21,0))))
G22: =IF(COUNTA(D22:F22,I22:K22)=0,"",IF(AND(I22>0,J22>=I22),"Finished","Reading")) | L22: =IF(COUNTA(D22:F22,I22:K22)=0,"",IF(AND(I22>0,J22>=I22),"Book completed",IF(K22=0,"Set Target Days",ROUNDUP(I22/K22,0))))
G23: =IF(COUNTA(D23:F23,I23:K23)=0,"",IF(AND(I23>0,J23>=I23),"Finished","Reading")) | L23: =IF(COUNTA(D23:F23,I23:K23)=0,"",IF(AND(I23>0,J23>=I23),"Book completed",IF(K23=0,"Set Target Days",ROUNDUP(I23/K23,0))))
G24: =IF(COUNTA(D24:F24,I24:K24)=0,"",IF(AND(I24>0,J24>=I24),"Finished","Reading")) | L24: =IF(COUNTA(D24:F24,I24:K24)=0,"",IF(AND(I24>0,J24>=I24),"Book completed",IF(K24=0,"Set Target Days",ROUNDUP(I24/K24,0))))
... G106: =IF(COUNTA(D106:F106,I106:K106)=0,"",IF(AND(I106>0,J106>=I106),"Finished","Reading")) | L106: =IF(COUNTA(D106:F106,I106:K106)=0,"",IF(AND(I106>0,J106>=I106),"Book completed",IF(K106=0,"Set Target Days",ROUNDUP(I106/K106,0))))

Sheet PROJECTS
D2: MY PROJECTS | J2: Current Projects | M2: Overall Progress
J3: {=IF(SUMPRODUCT(--(LEN(TRIM(D7:D13))>0))=0,"NO CURRENT PROJECTS",IF(SUMPRODUCT(--(LEN(TRIM(D7:D13))>0))=1,"1 PROJECT",SUMPRODUCT(--(LEN(TRIM(D7:D13))>0))&" PROJECTS"))} -> NO CURRENT PROJECTS | M3: =IF(COUNT(I7:I13)=0,"NO CURRENT PROGRESS",AVERAGE(I7:I13)) -> NO CURRENT PROGRESS
D4: Projects Overview
D6: Project / Goal | E6: Category | F6: Priority | G6: Due date | H6: Progress bar | I6: % | J6: Notes | K6: Priority Breakdown
H7: =I7 -> 0
H8: =I8 -> 0
H9: =I9 -> 0
H10: =I10 -> 0
H11: =I11 -> 0
H12: =I12 -> 0
H13: =I13 -> 0

Sheet CONFIG
E5: BOOKS | J5: TASKS / PROJECTS
E6: RATING | G6: GENRES | J6: Categories | K6: Priorities | L6: Status | M6: Due day | N6: Chart 1 | O6: Chart 2
E7: ☆☆☆☆☆ | G7: No genre | H7: =COUNTIF(BOOKS!F:F,CONFIG!G7) -> 0 | J7: Personal | K7: Low | L7: Pending | M7: Mon | N7: =COUNTIF(TASKS!E7:E27,"Personal") -> 0 | O7: =COUNTIF(PROJECTS!$F$7:$F$13,"Low") -> 0
E8: ★☆☆☆☆ | G8: Self-Help | H8: =COUNTIF(BOOKS!F:F,CONFIG!G8) -> 0 | J8: Study | K8: Medium | L8: In Progress | M8: Tue | N8: =COUNTIF(TASKS!E7:E27,"Study") -> 0 | O8: =COUNTIF(PROJECTS!$F$7:$F$13,"Medium") -> 0
E9: ★★☆☆☆ | G9: Productivity | H9: =COUNTIF(BOOKS!F:F,CONFIG!G9) -> 0 | J9: Work | K9: High | L9: Done | M9: Wed | N9: =COUNTIF(TASKS!E7:E27,"Work") -> 0 | O9: =COUNTIF(PROJECTS!$F$7:$F$13,"High") -> 0
E10: ★★★☆☆ | G10: Business | H10: =COUNTIF(BOOKS!F:F,CONFIG!G10) -> 0 | J10: Health | M10: Thu | N10: =COUNTIF(TASKS!E7:E27,"Health") -> 0
E11: ★★★★☆ | G11: Finance | H11: =COUNTIF(BOOKS!F:F,CONFIG!G11) -> 0 | J11: Finance | M11: Fri | N11: =COUNTIF(TASKS!E7:E27,"Finance") -> 0
E12: ★★★★★ | G12: Psychology | H12: =COUNTIF(BOOKS!F:F,CONFIG!G12) -> 0 | J12: Home | M12: Sat | N12: =COUNTIF(TASKS!E7:E27,"Home") -> 0
G13: Technology | H13: =COUNTIF(BOOKS!F:F,CONFIG!G13) -> 0 | J13: Other | M13: Sun | N13: =COUNTIF(TASKS!E7:E27,"Other") -> 0
G14: Science | H14: =COUNTIF(BOOKS!F:F,CONFIG!G14) -> 0
G15: Philosophy | H15: =COUNTIF(BOOKS!F:F,CONFIG!G15) -> 0
G16: Biography | H16: =COUNTIF(BOOKS!F:F,CONFIG!G16) -> 0
G17: History | H17: =COUNTIF(BOOKS!F:F,CONFIG!G17) -> 0
G18: Politics | H18: =COUNTIF(BOOKS!F:F,CONFIG!G18) -> 0
G19: Health | H19: =COUNTIF(BOOKS!F:F,CONFIG!G19) -> 0
G20: Fiction | H20: =COUNTIF(BOOKS!F:F,CONFIG!G20) -> 0
G21: Fantasy | H21: =COUNTIF(BOOKS!F:F,CONFIG!G21) -> 0
G22: Science Fiction | H22: =COUNTIF(BOOKS!F:F,CONFIG!G22) -> 0
G23: Mystery | H23: =COUNTIF(BOOKS!F:F,CONFIG!G23) -> 0
G24: Thriller | H24: =COUNTIF(BOOKS!F:F,CONFIG!G24) -> 0
G25: Romance | H25: =COUNTIF(BOOKS!F:F,CONFIG!G25) -> 0
... G27: Other | H27: =COUNTIF(BOOKS!F:F,CONFIG!G27) -> 0
